loan_id,date_id,customer_id,branch_id,product_id,principal_egp,interest_rate,term_months,monthly_payment,risk_level,loan_status,is_npl,customer_segment
LN00001,20230208,CUS0191,BR13,P01,13000.0,0.1585,36,456.08,Low,Rejected,False,Premium
LN00002,20240620,CUS0016,BR02,P04,2175000.0,0.1586,36,76316.3,Low,Approved,False,SME
LN00003,20230324,CUS0083,BR09,P02,99000.0,0.1375,12,8877.28,Low,Approved,False,Retail
LN00004,20240205,CUS0053,BR15,P01,455000.0,0.1679,48,13079.66,Low,Approved,False,Retail
LN00005,20230310,CUS0014,BR11,P03,2373000.0,0.1305,60,54053.8,Low,Pending,False,Premium
LN00006,20230121,CUS0030,BR09,P03,3907000.0,0.1311,24,185947.83,Medium,Rejected,False,Retail
LN00007,20231006,CUS0086,BR12,P01,93000.0,0.2171,48,2915.44,High,Rejected,False,Retail
LN00008,20230908,CUS0179,BR02,P03,3862000.0,0.1334,60,88546.01,Low,Approved,False,Premium
LN00009,20240219,CUS0185,BR01,P01,241000.0,0.179,48,7066.79,Medium,Approved,False,Premium
LN00010,20230805,CUS0032,BR15,P01,203000.0,0.1549,60,4881.73,Low,Defaulted,True,Retail
LN00011,20230918,CUS0029,BR07,P03,1725000.0,0.1269,60,38975.85,HIGH,Rejected,False,Retail
LN00012,20240821,CUS0014,BR14,P01,41000.0,0.1424,48,1125.33,Medium,Approved,False,Premium
LN00013,20231226,CUS0052,BR10,P04,2883000.0,0.1478,48,79914.9,Low,Pending,False,SME
LN00014,20230227,CUS0132,BR11,P05,1117000.0,0.1244,48,29656.78,Low,Approved,False,Corporate
LN00015,20230927,CUS0074,BR07,P02,570000.0,0.1412,84,10719.63,Medium,Closed,False,Retail
LN00016,20230909,CUS0042,BR05,P01,415000.0,0.2045,36,15518.21,Low,Closed,False,Retail
LN00017,20230105,CUS0187,BR03,P01,175000.0,0.1824,84,3702.78,Low,Rejected,False,Retail
LN00018,20230411,CUS0045,BR10,P03,3775000.0,0.1049,84,63629.37,Medium,Closed,False,Retail
LN00019,20240610,CUS0063,BR13,P01,437000.0,0.2193,24,22655.65,High,Rejected,False,Retail
LN00020,20230419,CUS0155,BR14,P02,829000.0,0.1271,36,27816.63,Medium,Rejected,False,Retail
LN00021,20240813,CUS0016,BR13,P01,96000.0,0.1716,84,1970.72,Low,Defaulted,True,SME
LN00022,20240724,CUS0135,BR12,P05,11308000.0,0.1474,12,1019254.18,Low,Pending,False,Corporate
LN00023,20230116,CUS0149,BR01,P05,15631000.0,0.1112,60,340792.0,Medium,Pending,False,Corporate
LN00024,20240624,CUS0090,BR14,P02,891000.0,0.158,12,80756.89,Medium,Approved,False,Retail
LN00025,20241027,CUS0031,BR02,P03,2633000.0,0.1068,60,56828.5,High,Defaulted,True,Retail
LN00026,20240402,CUS0158,BR03,P04,1016000.0,0.164,12,92374.98,Low,Approved,False,SME
LN00027,20230324,CUS0143,BR08,P01,211000.0,0.1935,36,7771.81,Low,Rejected,False,Retail
LN00028,20230424,CUS0011,BR05,P01,36000.0,0.2077,84,816.2,Medium,Approved,False,Premium
LN00029,20240601,CUS0139,BR14,P01,372000.0,0.1714,60,9273.18,Low,Approved,False,Retail
LN00030,20241020,CUS0022,BR02,P04,2906000.0,0.1724,60,72597.12,High,Defaulted,True,SME
LN00031,20241011,CUS0022,BR13,P04,1372000.0,0.1571,120,22735.46,Low,Approved,False,SME
LN00032,20240118,CUS0115,BR03,P01,313000.0,0.1866,84,6700.22,Low,Approved,False,Premium
LN00033,20240411,CUS0154,BR03,P02,911000.0,0.1635,48,25981.59,Low,Approved,False,Premium
LN00034,20230920,CUS0130,BR10,P01,191000.0,0.1784,84,3996.51,Medium,Pending,False,Retail
LN00035,20230517,CUS0078,BR12,P03,3159000.0,0.1123,48,81999.3,Medium,Pending,False,Premium
LN00036,20240825,CUS0032,BR06,P03,3304000.0,0.1452,120,52338.06,High,Defaulted,True,Retail
LN00037,20230303,CUS0084,BR07,P04,413000.0,0.1505,48,11504.57,Low,Approved,False,Corporate
LN00038,20241204,CUS0063,BR03,P01,286000.0,0.2003,12,26497.58,Low,Approved,False,Retail
LN00039,20230912,CUS0042,BR05,P02,407000.0,0.153,48,11389.1,Low,Approved,False,Retail
LN00040,20240901,CUS0107,BR04,P05,9615000.0,0.1246,12,856351.56,Low,Closed,False,Corporate
LN00041,20230318,CUS0009,BR08,P02,411000.0,0.1272,24,19485.68,Low,Approved,False,Retail
LN00042,20240706,CUS0200,BR01,P02,616000.0,0.1363,12,55201.68,Low,Approved,False,Retail
LN00043,20230607,CUS0024,BR02,P03,4549000.0,0.1291,24,216075.5,Medium,Approved,False,Retail
LN00044,20230128,CUS0197,BR06,P01,419000.0,0.1805,60,10651.25,Low,Rejected,False,Retail
LN00045,20241226,CUS0160,BR07,P01,469000.0,0.2119,60,12738.2,Medium,Approved,False,Retail
LN00046,20231208,CUS0024,BR14,P02,683000.0,0.1686,48,19658.56,Low,Approved,False,Retail
LN00047,20241125,CUS0199,BR09,P02,273000.0,0.1397,24,13103.65,Medium,Approved,False,Retail
LN00048,20231002,CUS0023,BR10,P01,173000.0,0.195,36,6385.31,Medium,Approved,False,Retail
LN00049,20230517,CUS0103,BR02,P01,102000.0,,48,3008.52,High,Defaulted,True,Retail
LN00050,20231213,CUS0168,BR05,P01,255000.0,,60,5967.83,Low,Closed,False,Retail
LN00051,20230928,CUS0172,BR10,P03,1834000.0,0.1582,84,36239.26,HIGH,Defaulted,True,Premium
LN00052,20240106,CUS0029,BR07,P01,207000.0,0.1945,12,19120.9,Low,Approved,False,Retail
LN00053,20230822,CUS0049,BR09,P01,50000.0,0.1942,36,1843.44,Low,Approved,False,Retail
LN00054,20240527,CUS0092,BR05,P02,797000.0,0.1542,84,15567.92,Low,Approved,False,Retail
LN00055,20240829,CUS0131,BR06,P04,452000.0,0.1631,60,11066.35,High,Rejected,False,SME
LN00056,20240208,CUS0114,BR12,P01,14000.0,0.1643,12,1273.08,Low,Approved,False,Premium
LN00057,20230527,CUS0056,BR12,P01,141000.0,0.1476,48,3907.0,High,Approved,False,Retail
LN00058,20240615,CUS0067,BR08,P03,3552000.0,0.1495,60,84408.64,High,Approved,False,Premium
LN00059,20240121,CUS0015,BR02,P04,2602000.0,0.1983,48,78944.32,High,Closed,False,SME
LN00060,20240110,CUS0162,BR14,P04,482000.0,0.183,60,12318.43,Medium,Pending,False,SME
LN00061,20230107,CUS0009,BR09,P02,778000.0,0.1338,48,21018.82,Low,Approved,False,Retail
LN00062,20230715,CUS0126,BR13,P01,274000.0,0.1747,12,25051.26,Low,Rejected,False,Retail
LN00063,20240321,CUS0113,BR14,P01,60000.0,0.2014,48,1830.3,Medium,Approved,False,Retail
LN00064,20241109,CUS0008,BR09,P01,447000.0,0.1614,36,15746.11,Low,Rejected,False,Retail
LN00065,20230805,CUS0161,BR13,P02,528000.0,0.1292,24,25082.25,Medium,Pending,False,Premium
LN00066,20230917,CUS0006,BR03,P01,34000.0,0.1906,12,3134.3,Medium,Approved,False,Premium
LN00067,20240217,CUS0128,BR08,P02,426000.0,0.1286,12,38021.18,High,Approved,False,Retail
LN00068,20241017,CUS0072,BR07,P01,154000.0,0.1494,60,3658.8,Medium,Closed,False,Retail
LN00069,20230825,CUS0006,BR03,P03,4733000.0,0.1403,36,161831.69,Low,Rejected,False,Premium
LN00070,20241104,CUS0175,BR13,P04,2390000.0,0.1726,48,69285.46,Low, Approved,False,SME
LN00071,20230616,CUS0115,BR06,P02,759000.0,0.1222,48,20069.46,High,Approved,False,Premium
LN00072,20240610,CUS0037,BR05,P02,537000.0,0.1785,48,15732.32,Medium,Approved,False,Retail
LN00073,20230828,CUS0023,BR01,P01,41000.0,0.1649,24,2017.1,Medium,Closed,False,Retail
LN00074,20230525,CUS0137,BR15,P01,56000.0,0.1815,48,1649.39,Low,Rejected,False,Retail
LN00075,20240430,CUS0067,BR12,P01,363000.0,,24,18379.56,Low,Closed,False,Premium
LN00076,20240216,CUS0148,BR11,P02,549000.0,0.1319,36,18548.26,Low,Closed,False,Premium
LN00077,20230212,CUS0041,BR11,P02,555000.0,0.1608,12,50376.64,Low,Rejected,False,Retail
LN00078,20240514,CUS0185,BR01,P01,47000.0,0.1517,24,2282.67,Medium,Rejected,False,Premium
LN00079,20230617,CUS0023,BR01,P02,608000.0,0.1633,24,29865.53,Low,Defaulted,True,Retail
LN00080,20230718,CUS0129,BR01,P04,1844000.0,0.1701,48,53218.24,Low, Pending,False,Corporate
LN00081,20240313,CUS0172,BR02,P03,4100000.0,0.1485,36,141826.86,Low,Rejected,False,Premium
LN00082,20230531,CUS0031,BR02,P01,216000.0,0.1548,120,3548.6,Low,Approved,False,Retail
LN00083,20230129,CUS0117,BR07,P04,2210000.0,0.1933,120,41732.4,Medium,Approved,False,SME
LN00084,20240602,CUS0087,BR03,P02,454000.0,0.1525,36,15793.7,Low,Approved,False,Retail
LN00085,20240822,CUS0152,BR08,P04,1245000.0,0.1631,24,61143.64,Low,Pending,False,SME
LN00086,20240726,CUS0072,BR03,P01,177000.0,0.1854,12,16272.88,Medium,Approved,False,Retail
LN00087,20240102,CUS0117,BR07,P04,1205000.0,0.1732,48,34970.14,High,Defaulted,True,SME
LN00088,20241219,CUS0108,BR02,P01,487000.0,0.1419,84,9177.58,Medium,Approved,False,Retail
LN00089,20230612,CUS0018,BR10,P02,378000.0,,12,34489.75,Medium,Approved,False,Retail
LN00090,20230804,CUS0120,BR09,P01,338000.0,0.1483,36,11688.76,Low,Rejected,False,SME
LN00091,20241115,CUS0109,BR06,P02,351000.0,0.1478,12,31644.24,Low,Approved,False,Premium
LN00092,20240414,CUS0066,BR08,P03,4945000.0,0.1071,36,161214.69,Low,Approved,False,Premium
LN00093,20240520,CUS0175,BR14,P04,724000.0,0.1863,12,66593.58,Medium,Pending,False,SME
LN00094,20240730,CUS0013,BR14,P01,94000.0,0.1997,12,8706.29,Medium,Approved,False,Retail
LN00095,20240316,CUS0118,BR14,P02,779000.0,0.1366,36,26495.91,Medium,Rejected,False,Premium
LN00096,20230322,CUS0109,BR13,P02,611000.0,0.1372,84,11355.85,Medium,Approved,False,Premium
LN00097,20230525,CUS0074,BR09,P02,821000.0,0.1315,36,27722.09,Medium,Approved,False,Retail
LN00098,20241210,CUS0140,BR15,P02,857000.0,,36,30956.81,Medium,Approved,False,Retail
LN00099,20240606,CUS0156,BR03,P04,2353000.0,0.1914,24,118771.59,Low,Approved,False,SME
LN00100,20230106,CUS0036,BR08,P01,244000.0,,24,11752.06,Medium,Rejected,False,Retail
LN00101,20240708,CUS0141,BR01,P02,468000.0,0.1203,60,10417.5,Medium,Rejected,False,Retail
LN00102,20241115,CUS0040,BR09,P04,1990000.0,,120,36629.09,Low,Approved,False,SME
LN00103,20240614,CUS0017,BR08,P01,438000.0,0.1504,120,7077.2,Low,Approved,False,Retail
LN00104,20240924,CUS0148,BR15,P02,504000.0,0.1309,84,9193.43,Low,Pending,False,Premium
LN00105,20230529,CUS0101,BR08,P04,2438000.0,0.1485,60,57808.07,Medium,Closed,False,SME
LN00106,20231013,CUS0013,BR11,P01,42000.0,0.1958,36,1551.9,Low,Pending,False,Retail
LN00107,20230801,CUS0006,BR06,P01,486000.0,0.1762,120,8638.46,Medium,Rejected,False,Premium
LN00108,20230301,CUS0047,BR07,P04,1895000.0,0.1738,24,94039.46,Low,Approved,False,SME
LN00109,20230901,CUS0064,BR08,P02,341000.0,0.1529,120,5562.24,Low,Approved,False,Retail
LN00110,20230318,CUS0024,BR13,P01,36000.0,0.1424,48,988.09,Low,Approved,False,Retail
LN00111,20230829,CUS0174,BR14,P02,719000.0,0.1776,60,18164.13,Medium,Approved,False,Retail
LN00112,20240409,CUS0033,BR07,P03,609000.0,0.1014,12,53580.44,Low,Rejected,False,Retail
LN00113,20230706,CUS0180,BR13,P02,210000.0,0.139,120,3247.98,Low,Rejected,False,Retail
LN00114,20230726,CUS0199,BR08,P02,555000.0,0.1317,24,26430.05,Low,Approved,False,Retail
LN00115,20230918,CUS0190,BR07,P01,437000.0,0.1803,120,7882.54,Medium,Approved,False,SME
LN00116,20231101,CUS0029,BR03,P02,291000.0,0.1505,36,10094.74,Low,Approved,False,Retail
LN00117,20241125,CUS0152,BR06,P04,2639000.0,0.1738,24,130960.5,Medium,Approved,False,SME
LN00118,20240626,CUS0188,BR03,P03,1847000.0,0.1476,120,29527.69,Low,Approved,False,Retail
LN00119,20240910,CUS0194,BR04,P01,409000.0,0.1694,36,14569.76,Low,Pending,False,Retail
LN00120,20240131,CUS0194,BR10,P01,430000.0,0.1756,84,8927.11,Low,Approved,False,Retail
LN00121,20230722,CUS0003,BR12,P02,721000.0,0.163,84,14444.01,Low,Rejected,False,Premium
LN00122,20230216,CUS0029,BR14,P01,167000.0,0.1464,84,3188.92,High,Approved,False,Retail
LN00123,20240317,CUS0057,BR04,P01,124000.0,0.1438,48,3412.17,Low,Approved,False,Retail
LN00124,20231202,CUS0085,BR15,P02,353000.0,0.1388,120,5455.46,High,Approved,False,Premium
LN00125,20230201,CUS0146,BR04,P01,453000.0,0.2165,24,23422.58,Low,Approved,False,SME
LN00126,20240411,CUS0192,BR13,P01,227000.0,0.1817,84,4793.69,Low,Approved,False,Retail
LN00127,20231126,CUS0198,BR09,P01,268000.0,0.195,36,9891.7,Low,Rejected,False,Premium
LN00128,20230109,CUS0095,BR07,P05,2969000.0,0.1165,120,41997.98,Low,Rejected,False,Corporate
LN00129,20231221,CUS0166,BR10,P01,22000.0,0.1631,120,372.79,Low,Defaulted,True,SME
LN00130,20230419,CUS0154,BR11,P03,4093000.0,0.1061,120,55481.3,Low,Rejected,False,Premium
LN00131,20231207,CUS0167,BR09,P01,249000.0,0.1808,84,5245.12,Low,Approved,False,SME
LN00132,20230302,CUS0088,BR14,P01,282000.0,0.1541,84,5506.76,Medium,Approved,False,Retail
LN00133,20240917,CUS0098,BR08,P04,778000.0,0.1468,84,14873.54,Medium,Approved,False,SME
LN00134,20241221,CUS0110,BR10,P03,1242000.0,0.1359,24,59391.72,Low,Closed,False,Retail
LN00135,20230806,CUS0181,BR11,P01,405000.0,0.1628,60,9909.17,Medium,Approved,False,Retail
LN00136,20240320,CUS0135,BR04,P04,1421000.0,0.1805,48,41779.01,Medium,Approved,False,Corporate
LN00137,20241013,CUS0093,BR04,P02,617000.0,0.165,60,15168.65,Medium,Pending,False,Retail
LN00138,20240220,CUS0056,BR08,P03,4425000.0,0.1001,48,112250.68,Low,Rejected,False,Retail
LN00139,20241115,CUS0082,BR04,P03,1551000.0,0.1271,48,41386.55,Medium,Approved,False,Retail
LN00140,20230424,CUS0011,BR08,P02,765000.0,0.139,12,68651.16,Low,Approved,False,Premium
LN00141,20230711,CUS0147,BR09,P03,3505000.0,0.126,24,165976.32,Low,Rejected,False,Premium
LN00142,20241028,CUS0079,BR13,P03,4334000.0,0.1594,48,122693.64,Medium,Closed,False,Retail
LN00143,20240411,CUS0129,BR02,P05,7361000.0,0.1397,84,137823.26,Low,Approved,False,Corporate
LN00144,20230709,CUS0058,BR01,P03,3583000.0,,120,58908.3,Low,Pending,False,Premium
LN00145,20240214,CUS0184,BR12,P05,13103000.0,0.1264,120,192869.49,Low,Approved,False,Corporate
LN00146,20230319,CUS0086,BR12,P01,461000.0,,60,12443.09,Low,Approved,False,Retail
LN00147,20240503,CUS0038,BR12,P03,4835000.0,0.1153,60,106407.09,Low,Pending,False,Retail
LN00148,20230506,CUS0015,BR01,P04,1841000.0,0.1922,12,169853.62,Low,Approved,False,SME
LN00149,20230825,CUS0002,BR06,P01,370000.0,0.144,48,10185.19,Low,Approved,False,Retail
LN00150,20231016,CUS0081,BR07,P03,2556000.0,0.1513,120,41440.94,Low,Rejected,False,Premium
LN00151,20240621,CUS0173,BR08,P01,38000.0,0.1889,24,1913.5,Low,Approved,False,Retail
LN00152,20230924,CUS0035,BR13,P05,2908000.0,0.1033,60,62259.65,Medium,Rejected,False,Corporate
LN00153,20230102,CUS0086,BR11,P02,600000.0,0.15,60,14273.96,Low,Rejected,False,Retail
LN00154,20230906,CUS0144,BR02,P01,56000.0,0.1701,12,5107.73,Low,Approved,False,Retail
LN00155,20241023,CUS0074,BR11,P03,3768000.0,0.1166,60,83171.13,Medium,Pending,False,Retail
LN00156,20230423,CUS0034,BR10,P01,448000.0,0.2041,12,41588.22,Low,Approved,False,Retail
LN00157,20230629,CUS0135,BR04,P05,5900000.0,0.1383,36,201161.21,Medium,Rejected,False,Corporate
LN00158,20231024,CUS0042,BR05,P02,400000.0,0.139,84,7473.93,Low,Approved,False,Retail
LN00159,20240627,CUS0119,BR12,P01,188000.0,0.1614,36,6622.52,Low,Approved,False,Retail
LN00160,20240321,CUS0174,BR03,P01,182000.0,0.1661,24,8964.42,Medium,Rejected,False,Retail
LN00161,20240625,CUS0066,BR03,P03,3783000.0,0.1325,12,338331.13,High,Approved,False,Premium
LN00162,20240603,CUS0011,BR06,P01,437000.0,0.2164,60,11980.19,Low,Approved,False,Premium
LN00163,20230114,CUS0049,BR05,P03,3194000.0,0.1168,60,70533.36,Medium,Approved,False,Retail
LN00164,20231118,CUS0156,BR13,P01,201000.0,0.1544,48,5638.91,Medium,Closed,False,SME
LN00165,20230902,CUS0065,BR03,P01,258000.0,0.1904,48,7719.68,Low,Approved,False,Retail
LN00166,20230506,CUS0103,BR01,P01,371000.0,0.1733,84,7652.6,Medium,Approved,False,Retail
LN00167,20241126,CUS0144,BR03,P02,952000.0,0.1489,120,15295.02,Medium, Approved,False,Retail
LN00168,20230207,CUS0110,BR12,P01,210000.0,0.1802,48,6170.94,Low,Rejected,False,Retail
LN00169,20230124,CUS0005,BR04,P03,507000.0,0.1458,12,45660.54,Medium,Approved,False,Retail
LN00170,20231012,CUS0126,BR10,P01,80000.0,0.1813,12,7339.35,Low,Rejected,False,Retail
LN00171,20230628,CUS0161,BR13,P03,504000.0,0.1418,60,11774.28,Medium,Approved,False,Premium
LN00172,20240120,CUS0023,BR13,P03,1457000.0,0.1038,12,128351.09,Medium,Approved,False,Retail
LN00173,20240528,CUS0115,BR05,P02,491000.0,0.1287,60,11139.11,Low,Approved,False,Premium
LN00174,20230704,CUS0126,BR05,P02,899000.0,0.1662,84,18174.9,Medium,Approved,False,Retail
LN00175,20231020,CUS0150,BR04,P01,354000.0,0.175,84,7336.93,Medium,Approved,False,Retail
LN00176,20240910,CUS0109,BR05,P02,950000.0,0.1745,60,23840.42,Medium,Rejected,False,Premium
LN00177,20240129,CUS0147,BR11,P02,332000.0,0.1501,12,29967.33,MEDIUM,Approved,False,Premium
LN00178,20240317,CUS0194,BR11,P01,451000.0,0.1631,48,12853.18,Low,Closed,False,Retail
LN00179,20240528,CUS0070,BR05,P05,14915000.0,0.1414,48,408622.63,Low,Rejected,False,Corporate
LN00180,20230619,CUS0075,BR08,P04,2250000.0,0.1466,120,35833.32,Medium,Approved,False,SME
LN00181,20230605,CUS0173,BR15,P02,191000.0,0.1352,84,3528.89,Low,Approved,False,Retail
LN00182,20241021,CUS0186,BR10,P01,133000.0,0.1642,24,6538.82,Low,Rejected,False,Retail
LN00183,20240922,CUS0088,BR10,P01,287000.0,0.1533,48,8035.52,Low,Defaulted,True,Retail
LN00184,20240318,CUS0192,BR07,P03,3764000.0,0.1265,84,67760.37,Low,Approved,False,Retail
LN00185,20230718,CUS0079,BR07,P03,3737000.0,0.1182,84,65609.08,Low,Rejected,False,Retail
LN00186,20231117,CUS0104,BR04,P01,60000.0,0.1913,24,3028.31,Low,Approved,False,Retail
LN00187,20230820,CUS0152,BR01,P01,102000.0,0.1653,120,1742.48,Low, Approved,False,SME
LN00188,20230208,CUS0006,BR05,P03,280000.0,0.1567,48,7888.04,Medium,Approved,False,Premium
LN00189,20230530,CUS0106,BR11,P01,20000.0,0.1585,24,977.83,Low,Pending,False,Retail
LN00190,20241116,CUS0045,BR10,P01,300000.0,0.2141,60,8185.35,Low,Defaulted,True,Retail
LN00191,20230507,CUS0074,BR04,P03,1004000.0,0.1083,48,25866.1,Medium,Approved,False,Retail
LN00192,20241208,CUS0157,BR14,P04,998000.0,0.1953,36,36850.69,Medium,Defaulted,True,SME
LN00193,20241128,CUS0025,BR12,P05,17868000.0,0.1223,48,472553.29,High,Defaulted,True,Corporate
LN00194,20231212,CUS0008,BR09,P03,2484000.0,0.1501,48,69144.17,High,Defaulted,True,Retail
LN00195,20230423,CUS0016,BR02,P01,71000.0,0.2126,12,6619.94,Medium,Approved,False,SME
LN00196,20241219,CUS0178,BR05,P01,165000.0,0.158,84,3258.47,Medium,Closed,False,Retail
LN00197,20241118,CUS0035,BR13,P05,17169000.0,0.1045,36,557629.75,Low,Approved,False,Corporate
LN00198,20231006,CUS0052,BR15,P04,168000.0,0.1986,120,3231.12,Medium,Approved,False,SME
LN00199,20230607,CUS0057,BR03,P02,451000.0,0.157,48,12712.28,Medium,Rejected,False,Retail
LN00200,20241218,CUS0084,BR15,P05,7267000.0,0.1467,24,351214.16,Low,Approved,False,Corporate
LN00201,20240621,CUS0185,BR10,P03,1444000.0,0.1471,48,39975.65,Low,Defaulted,True,Premium
LN00202,20230406,CUS0193,BR09,P01,414000.0,0.1747,60,10393.88,Low,Closed,False,Premium
LN00203,20230106,CUS0047,BR14,P04,308000.0,0.1977,48,9334.85,Low,Approved,False,SME
LN00204,20230301,CUS0153,BR09,P01,281000.0,0.1918,120,5278.6,High,Approved,False,SME
LN00205,20231001,CUS0116,BR10,P05,17742000.0,0.1197,120,254238.56,Low,Rejected,False,Corporate
LN00206,20230329,CUS0198,BR08,P03,4402000.0,0.1278,12,392720.43,Medium,Rejected,False,Premium
LN00207,20240925,CUS0022,BR02,P04,909000.0,0.1928,84,19793.21,High,Defaulted,True,SME
LN00208,20240519,CUS0044,BR11,P01,491000.0,0.1473,48,13597.79,Low,Closed,False,SME
LN00209,20230622,CUS0174,BR06,P01,253000.0,0.2018,120,4919.6,Medium,Approved,False,Retail
LN00210,20230504,CUS0121,BR04,P01,144000.0,0.2092,48,4452.87,Low,Defaulted,True,SME
LN00211,20241211,CUS0182,BR14,P04,704000.0,0.1636,36,24875.86,Low,Closed,False,SME
LN00212,20240416,CUS0144,BR07,P02,740000.0,0.1337,36,25065.61,Low,Defaulted,True,Retail
LN00213,20230619,CUS0190,BR14,P04,2091000.0,0.1621,84,41782.06,Low,Pending,False,SME
LN00214,20230306,CUS0169,BR07,P02,60000.0,0.1516,120,973.9,LOW,Defaulted,True,Retail
LN00215,20230101,CUS0114,BR10,P03,1076000.0,0.1119,48,27909.17,Low,Approved,False,Premium
LN00216,20230131,CUS0088,BR12,P03,3466000.0,0.1083,84,59037.01,Low,Defaulted,True,Retail
LN00217,20230429,CUS0192,BR01,P01,126000.0,0.1849,24,6320.31,MEDIUM, Approved,False,Retail
LN00218,20230219,CUS0148,BR12,P02,982000.0,0.1523,60,23480.44,Medium,Approved,False,Premium
LN00219,20241221,CUS0131,BR07,P04,179000.0,0.1645,84,3601.34,Low,Approved,False,SME
LN00220,20240913,CUS0105,BR06,P02,947000.0,0.1561,84,18599.63,Low,Rejected,False,Retail
LN00221,20230209,CUS0093,BR11,P01,319000.0,0.1499,24,15465.73,Medium,Approved,False,Retail
LN00222,20241207,CUS0016,BR12,P01,451000.0,,24,22110.39,Low,Rejected,False,SME
LN00223,20240917,CUS0050,BR11,P02,148000.0,0.1583,84,2925.27,Medium,Defaulted,True,Retail
LN00224,20230728,CUS0024,BR09,P02,949000.0,0.1792,120,17050.73,High,Rejected,False,Retail
LN00225,20240913,CUS0188,BR04,P03,3160000.0,0.1096,24,147222.09,Low, Rejected,False,Retail
LN00226,20230510,CUS0149,BR07,P05,10618000.0,0.1145,120,148980.67,Low,Approved,False,Corporate
LN00227,20240203,CUS0151,BR14,P01,367000.0,0.1799,48,10778.71,High,Closed,False,Retail
LN00228,20230906,CUS0008,BR02,P03,3092000.0,0.1149,24,144815.86,Low,Approved,False,Retail
LN00229,20240125,CUS0156,BR13,P04,1310000.0,0.1953,60,34365.29,Medium,Defaulted,True,SME
LN00230,20240205,CUS0015,BR01,P04,1266000.0,0.1619,24,62102.29,Low,Defaulted,True,SME
LN00231,20240218,CUS0074,BR04,P01,443000.0,0.1984,60,11697.39,Low,Approved,False,Retail
LN00232,20240421,CUS0111,BR08,P01,432000.0,0.1803,36,15624.34,Low,Rejected,False,SME
LN00233,20230407,CUS0161,BR15,P01,72000.0,0.1934,60,1881.22,Low,Defaulted,True,Premium
LN00234,20241004,CUS0141,BR10,P01,23000.0,0.1463,84,439.06,Low,Approved,False,Retail
LN00235,20231214,CUS0081,BR03,P01,235000.0,0.1945,120,4456.14,Medium,Approved,False,Premium
LN00236,20240807,CUS0190,BR13,P04,1893000.0,0.1634,48,53978.35,Low,Defaulted,True,SME
LN00237,20240228,CUS0032,BR07,P02,72000.0,0.1476,120,1151.05,Low,Rejected,False,Retail
LN00238,20240614,CUS0183,BR10,P05,7975000.0,0.1039,48,203763.55,Medium,Approved,False,Corporate
LN00239,20240330,CUS0008,BR02,P03,2698000.0,0.1526,24,131150.51,Medium,Defaulted,True,Retail
LN00240,20230129,CUS0038,BR06,P01,427000.0,0.1986,84,9446.08,Medium,Approved,False,Retail
LN00241,20231026,CUS0066,BR06,P02,888000.0,0.164,120,15097.27,Low,Rejected,False,Premium
LN00242,20230215,CUS0034,BR03,P02,768000.0,0.1353,84,14193.67,Low,Approved,False,Retail
LN00243,20230226,CUS0006,BR06,P02,192000.0,0.1531,12,17357.69,Low,Approved,False,Premium
LN00244,20230623,CUS0093,BR10,P01,55000.0,0.2106,24,2827.83,Low,Approved,False,Retail
LN00245,20230630,CUS0176,BR12,P02,765000.0,0.1604,84,15211.91,HIGH,Pending,False,Retail
LN00246,20231204,CUS0029,BR10,P02,641000.0,0.1226,12,57030.07,Low,Approved,False,Retail
LN00247,20230130,CUS0197,BR01,P01,488000.0,0.1493,48,13564.1,Medium,Approved,False,Retail
LN00248,20240406,CUS0022,BR13,P04,1404000.0,,12,128418.22,Medium,Approved,False,SME
LN00249,20230907,CUS0194,BR13,P02,640000.0,0.1293,36,21542.56,High,Approved,False,Retail
LN00250,20230806,CUS0034,BR01,P01,432000.0,0.2179,60,11879.85,Low,Approved,False,Retail
LN00251,20230327,CUS0083,BR13,P01,403000.0,0.1736,24,19995.01,Low,Closed,False,Retail
LN00252,20240119,CUS0057,BR12,P01,118000.0,0.1546,36,4117.14,High,Approved,False,Retail
LN00253,20230605,CUS0096,BR01,P03,4712000.0,0.139,60,109395.86,Medium,Defaulted,True,Retail
LN00254,20240715,CUS0014,BR03,P02,519000.0,0.1499,48,14441.53,High,Approved,False,Premium
LN00255,20240104,CUS0190,BR01,P04,2374000.0,0.17,120,41259.56,High,Pending,False,SME
LN00256,20241110,CUS0180,BR12,P03,4796000.0,0.1524,84,93194.21,Medium,Approved,False,Retail
LN00257,20230405,CUS0090,BR07,P01,448000.0,0.1773,24,22307.6,Low,Approved,False,Retail
LN00258,20240621,CUS0134,BR06,P01,433000.0,0.1643,48,12366.91,Low,Closed,False,Retail
LN00259,20241114,CUS0043,BR01,P04,2665000.0,0.1934,12,246029.93,Low,Closed,False,SME
LN00260,20240328,CUS0196,BR02,P02,81000.0,0.1565,48,2281.07,LOW,Defaulted,True,Premium
LN00261,20230910,CUS0003,BR03,P03,4564000.0,0.1344,12,408586.8,Low,Approved,False,Premium
LN00262,20230611,CUS0051,BR01,P01,494000.0,0.1912,120,9260.39,Low,Approved,False,Retail
LN00263,20230624,CUS0199,BR07,P01,208000.0,0.1817,84,4392.46,Medium,Rejected,False,Retail
LN00264,20240616,CUS0097,BR08,P03,890000.0,0.1066,60,19200.19,Medium,Approved,False,Retail
LN00265,20240104,CUS0044,BR10,P04,1055000.0,,24,50703.45,Medium,Rejected,False,SME
LN00266,20241021,CUS0132,BR06,P05,1215000.0,0.1158,12,107712.7,Low,Closed,False,Corporate
LN00267,20230407,CUS0093,BR15,P01,162000.0,,36,5551.74,Medium,Closed,False,Retail
LN00268,20240119,CUS0092,BR07,P03,1265000.0,0.1026,24,58525.25,Low,Approved,False,Retail
LN00269,20240512,CUS0110,BR07,P02,587000.0,0.1672,48,16853.0,Low,Closed,False,Retail
LN00270,20240406,CUS0050,BR07,P02,952000.0,0.146,12,85746.33,Low,Approved,False,Retail
LN00271,20230828,CUS0111,BR11,P04,2437000.0,,48,71535.95,Low,Rejected,False,SME
LN00272,20230321,CUS0095,BR09,P05,1713000.0,0.131,120,25678.07,MEDIUM,Approved,False,Corporate
LN00273,20231011,CUS0051,BR04,P01,323000.0,0.1865,84,6912.37,Low,Pending,False,Retail
LN00274,20230402,CUS0191,BR09,P03,4968000.0,0.1521,60,118736.71,High,Approved,False,Premium
LN00275,20230125,CUS0173,BR05,P01,128000.0,0.1809,24,6395.85,Low,Pending,False,Retail
LN00276,20241212,CUS0050,BR01,P01,350000.0,0.1765,12,32029.73,High,Approved,False,Retail
LN00277,20231020,CUS0110,BR14,P02,788000.0,0.1615,36,27762.13,Medium,Closed,False,Retail
LN00278,20241014,CUS0108,BR11,P01,68000.0,0.1965,36,2515.01,Low,Approved,False,Retail
LN00279,20241216,CUS0087,BR07,P03,3039000.0,0.151,36,105496.82,High,Defaulted,True,Retail
LN00280,20231229,CUS0181,BR04,P01,326000.0,0.1823,12,29923.37,Medium,Approved,False,Retail
LN00281,20231003,CUS0195,BR01,P01,126000.0,0.1547,48,3536.77,Low,Rejected,False,Retail
LN00282,20230405,CUS0087,BR08,P01,453000.0,0.1412,120,7066.29,Low,Approved,False,Retail
LN00283,20241204,CUS0031,BR01,P01,415000.0,0.2152,84,9599.12,Low,Approved,False,Retail
LN00284,20231106,CUS0064,BR06,P01,55000.0,0.1607,48,1560.69,Medium,Rejected,False,Retail
LN00285,20230430,CUS0027,BR11,P05,11907000.0,0.118,48,312389.01,Medium,Rejected,False,Corporate
LN00286,20240807,CUS0122,BR03,P01,207000.0,0.1793,48,6073.06,Low,Defaulted,True,Retail
LN00287,20230619,CUS0097,BR13,P01,472000.0,0.1892,24,23774.53,High,Defaulted,True,Retail
LN00288,20230113,CUS0092,BR14,P01,89000.0,0.1702,24,4401.22,Medium,Approved,False,Retail
LN00289,20240419,CUS0006,BR13,P01,76000.0,0.1497,12,6858.56,High,Rejected,False,Premium
LN00290,20230108,CUS0113,BR04,P02,375000.0,0.1575,48,10579.65,Low,Rejected,False,Retail
LN00291,20240219,CUS0158,BR02,P04,2262000.0,0.1483,36,78224.79,Low,Rejected,False,SME
LN00292,20240409,CUS0079,BR09,P02,87000.0,,12,7888.23,Low,Rejected,False,Retail
LN00293,20230208,CUS0167,BR06,P01,412000.0,0.1969,24,20906.73,Medium, Approved,False,SME
LN00294,20240404,CUS0092,BR08,P01,335000.0,0.2191,84,7829.08,Low,Rejected,False,Retail
LN00295,20240531,CUS0039,BR15,P01,307000.0,,84,5922.38,Low,Pending,False,Retail
LN00296,20231128,CUS0117,BR01,P04,533000.0,0.1582,120,8868.75,Medium,Approved,False,SME
LN00297,20240410,CUS0133,BR08,P01,170000.0,0.1473,60,4020.23,Low,Rejected,False,SME
LN00298,20240923,CUS0121,BR15,P04,1461000.0,0.1772,12,133749.86,Low,Approved,False,SME
LN00299,20240511,CUS0072,BR10,P01,406000.0,0.1804,48,11934.74,Low,Approved,False,Retail
LN00300,20230406,CUS0054,BR06,P02,689000.0,0.172,84,14160.02,Medium,Approved,False,Retail
LN00301,20230629,CUS0140,BR11,P02,676000.0,0.1224,60,15119.36,Low,Rejected,False,Retail
LN00302,20240107,CUS0044,BR15,P04,2293000.0,0.1621,48,65231.14,MEDIUM,Approved,False,SME
LN00303,20240713,CUS0166,BR02,P01,355000.0,0.1818,24,17753.95,Low, Approved,False,SME
LN00304,20230519,CUS0151,BR08,P03,444000.0,0.1428,120,6968.77,Low,Approved,False,Retail
LN00305,20230503,CUS0095,BR01,P04,2822000.0,0.1699,24,139512.51,Low,Rejected,False,Corporate
LN00306,20230829,CUS0006,BR09,P03,1805000.0,0.102,24,83458.31,Low,Pending,False,Premium
LN00307,20240831,CUS0051,BR05,P01,108000.0,0.1871,48,3212.71,Low,Approved,False,Retail
LN00308,20240608,CUS0012,BR03,P01,56000.0,0.1918,84,1216.05,Low,Approved,False,Retail
LN00309,20230623,CUS0174,BR03,P01,382000.0,0.1971,48,11565.46,Medium,Approved,False,Retail
LN00310,20240622,CUS0092,BR07,P02,858000.0,0.1722,120,15031.66,Low,Approved,False,Retail
LN00311,20240118,CUS0163,BR09,P01,475000.0,0.1993,120,9157.61,Medium,Closed,False,Premium
LN00312,20230213,CUS0005,BR09,P03,3413000.0,0.1263,84,61404.7,Medium,Rejected,False,Retail
LN00313,20241226,CUS0045,BR06,P03,3743000.0,,12,336214.09,Low,Approved,False,Retail
LN00314,20240725,CUS0037,BR01,P02,886000.0,0.1442,60,20809.1,High,Closed,False,Retail
LN00315,20240423,CUS0125,BR12,P03,3417000.0,0.1095,24,159179.67,Medium,Approved,False,Retail
LN00316,20231004,CUS0162,BR10,P04,1666000.0,0.186,36,60732.52,Medium,Approved,False,SME
LN00317,20230720,CUS0192,BR05,P02,518000.0,0.1378,48,14098.02,Low,Rejected,False,Retail
LN00318,20230917,CUS0046,BR10,P02,695000.0,0.1343,48,18793.78,Medium,Approved,False,Retail
LN00319,20230221,CUS0100,BR13,P01,463000.0,0.2074,24,23732.47,Low,Approved,False,Premium
LN00320,20231217,CUS0023,BR15,P02,878000.0,0.1392,60,20393.13,High,Approved,False,Retail
LN00321,20240317,CUS0120,BR04,P04,1909000.0,0.1992,120,36791.31,Medium,Approved,False,SME
LN00322,20241205,CUS0006,BR08,P03,262000.0,0.1221,84,4654.49,Medium,Closed,False,Premium
LN00323,20240315,CUS0168,BR01,P03,752000.0,0.1541,84,14684.68,Medium,Approved,False,Retail
LN00324,20230708,CUS0092,BR07,P01,118000.0,0.2067,120,2333.08,Low,Approved,False,Retail
LN00325,20230625,CUS0156,BR15,P04,1408000.0,0.1528,12,127269.81,Medium,Approved,False,SME
LN00326,20230219,CUS0062,BR09,P01,197000.0,,60,4868.46,Low,Pending,False,SME
LN00327,20230515,CUS0192,BR06,P03,1705000.0,0.1269,48,45478.98,Low,Approved,False,Retail
LN00328,20240413,CUS0130,BR07,P01,338000.0,0.1597,12,30662.23,Low,Approved,False,Retail
LN00329,20230221,CUS0041,BR05,P02,113000.0,0.1637,24,5552.83,Medium,Defaulted,True,Retail
LN00330,20241024,CUS0186,BR08,P01,233000.0,0.1928,12,21503.63,Low,Approved,False,Retail
LN00331,20240522,CUS0013,BR01,P01,103000.0,0.1918,60,2682.09,Low,Approved,False,Retail
LN00332,20230326,CUS0077,BR06,P01,92000.0,0.2193,36,3510.19,Medium,Pending,False,Retail
LN00333,20230101,CUS0063,BR12,P02,107000.0,0.1439,24,5157.11,High,Defaulted,True,Retail
LN00334,20240620,CUS0006,BR11,P03,4837000.0,0.1516,12,436944.73,Medium,Defaulted,True,Premium
LN00335,20240725,CUS0102,BR01,P01,354000.0,0.149,48,9834.15,High,Defaulted,True,Retail
LN00336,20240818,CUS0196,BR01,P03,2859000.0,0.1346,120,43467.13,Medium,Pending,False,Premium
LN00337,20240217,CUS0050,BR10,P03,4201000.0,0.1166,120,59449.34,Medium,Approved,False,Retail
LN00338,20241019,CUS0048,BR15,P01,232000.0,0.1886,12,21364.83,High,Closed,False,Retail
LN00339,20240807,CUS0178,BR09,P01,15000.0,0.1641,36,530.4,Medium,Pending,False,Retail
LN00340,20230429,CUS0043,BR14,P04,2706000.0,0.1616,120,45599.23,Low,Rejected,False,SME
LN00341,20231116,CUS0104,BR08,P01,261000.0,0.1565,24,12735.77,Low,Approved,False,Retail
LN00342,20240914,CUS0083,BR10,P03,1252000.0,0.1437,120,19718.85,Medium,Approved,False,Retail
LN00343,20230207,CUS0106,BR12,P03,423000.0,0.1316,36,14285.16,Low,Approved,False,Retail
LN00344,20231112,CUS0084,BR07,P04,2627000.0,0.1755,84,54523.14,Medium,Approved,False,Corporate
LN00345,20230501,CUS0095,BR04,P05,17017000.0,0.1455,24,821463.68,Medium,Approved,False,Corporate
LN00346,20230606,CUS0048,BR02,P02,841000.0,0.1519,24,40853.23,Medium,Approved,False,Retail
LN00347,20240229,CUS0097,BR08,P01,62000.0,0.1702,48,1789.65,High,Rejected,False,Retail
LN00348,20230922,CUS0002,BR04,P02,245000.0,0.1613,12,22244.14,Low,Pending,False,Retail
LN00349,20230807,CUS0071,BR06,P04,2992000.0,0.1546,60,71903.96,High,Approved,False,SME
LN00350,20240210,CUS0189,BR06,P05,9313000.0,0.1492,120,149795.32,Low,Approved,False,Corporate
LN00351,20241114,CUS0044,BR08,P04,1148000.0,0.1501,84,22159.12,HIGH,Approved,False,SME
LN00352,20231002,CUS0126,BR01,P02,114000.0,0.1408,84,2141.4,High,Defaulted,True,Retail
LN00353,20240408,CUS0157,BR02,P04,297000.0,0.1713,36,10608.09,Low,Defaulted,True,SME
LN00354,20240902,CUS0199,BR09,P02,358000.0,0.13,120,5345.32,Low,Rejected,False,Retail
LN00355,20230527,CUS0127,BR05,P04,1817000.0,0.176,12,166236.85,Medium,Defaulted,True,SME
LN00356,20240906,CUS0177,BR15,P05,6196000.0,0.1062,24,287690.26,Medium,Approved,False,Corporate
LN00357,20230615,CUS0016,BR08,P01,415000.0,0.1753,60,10432.45,Medium,Rejected,False,SME
LN00358,20241211,CUS0193,BR09,P02,254000.0,0.1756,36,9126.74,High,Defaulted,True,Premium
LN00359,20230219,CUS0182,BR06,P04,1023000.0,0.1819,24,51166.32,High,Approved,False,SME
LN00360,20230822,CUS0053,BR03,P02,283000.0,0.165,48,8092.95,Medium,Rejected,False,Retail
LN00361,20240523,CUS0047,BR01,P01,301000.0,,60,7917.82,Low,Approved,False,SME
LN00362,20230122,CUS0142,BR08,P05,16593000.0,0.1373,60,383771.37,Low,Rejected,False,Corporate
LN00363,20230510,CUS0086,BR14,P01,102000.0,0.2046,120,2002.42,Medium,Approved,False,Retail
LN00364,20240718,CUS0024,BR08,P03,4417000.0,0.123,36,147341.3,Medium,Closed,False,Retail
LN00365,20230211,CUS0092,BR04,P01,212000.0,0.1463,12,19097.77,Medium,Approved,False,Retail
LN00366,20240625,CUS0112,BR11,P04,1547000.0,0.1474,12,139439.88,Low,Rejected,False,SME
LN00367,20240408,CUS0164,BR01,P01,495000.0,,36,17709.75,Medium,Approved,False,Retail
LN00368,20241105,CUS0199,BR02,P01,460000.0,0.1809,24,22985.1,Medium,Closed,False,Retail
LN00369,20230506,CUS0048,BR09,P02,530000.0,0.1283,84,9592.82,Medium,Defaulted,True,Retail
LN00370,20230905,CUS0164,BR09,P01,407000.0,,36,14838.87,Low,Pending,False,Retail
LN00371,20240417,CUS0137,BR11,P02,444000.0,0.1404,84,8330.38,Low,Approved,False,Retail
LN00372,20241221,CUS0032,BR14,P02,233000.0,0.1733,12,21287.21,Low,Rejected,False,Retail
LN00373,20240430,CUS0180,BR11,P03,4759000.0,0.1338,36,161221.95,Low,Approved,False,Retail
LN00374,20230627,CUS0017,BR05,P01,399000.0,0.1605,48,11317.99,Low,Approved,False,Retail
LN00375,20241011,CUS0142,BR02,P05,4293000.0,0.1196,48,112966.86,Low,Approved,False,Corporate
LN00376,20231107,CUS0092,BR03,P02,125000.0,0.1434,48,3437.17,Medium,Approved,False,Retail
LN00377,20230630,CUS0090,BR06,P01,106000.0,0.1427,36,3636.74,Medium,Rejected,False,Retail
LN00378,20231231,CUS0097,BR05,P03,1849000.0,0.1449,84,35152.7,HIGH,Rejected,False,Retail
LN00379,20230719,CUS0171,BR04,P03,3420000.0,0.1087,120,46859.19,Low,Approved,False,Retail
LN00380,20240503,CUS0117,BR12,P04,1433000.0,0.1992,48,43545.65,Low,Rejected,False,SME
LN00381,20240820,CUS0037,BR15,P03,4826000.0,0.1235,12,429574.83,Medium,Approved,False,Retail
LN00382,20230414,CUS0179,BR05,P01,477000.0,0.1624,24,23410.14,High,Approved,False,Premium
LN00383,20231129,CUS0071,BR13,P04,2409000.0,0.1658,60,59327.17,High,Approved,False,SME
LN00384,20230515,CUS0071,BR03,P04,1543000.0,0.1782,36,55643.92,Low,Approved,False,SME
LN00385,20241214,CUS0068,BR06,P01,400000.0,,36,14959.35,Low,Approved,False,Retail
LN00386,20230715,CUS0130,BR11,P02,370000.0,0.1261,24,17522.77,Medium,Approved,False,Retail
LN00387,20230207,CUS0049,BR07,P03,2736000.0,0.1028,36,88643.13,High,Approved,False,Retail
LN00388,20241020,CUS0042,BR02,P03,3619000.0,0.1317,48,97394.34,Low,Approved,False,Retail
LN00389,20240929,CUS0165,BR05,P01,225000.0,0.1781,12,20607.66,LOW,Rejected,False,Retail
LN00390,20240328,CUS0003,BR09,P02,493000.0,0.1444,36,16955.12,Medium,Approved,False,Premium
LN00391,20230323,CUS0090,BR07,P02,373000.0,0.1444,60,8764.38,Low,Approved,False,Retail
LN00392,20230427,CUS0100,BR01,P03,3412000.0,0.1117,120,47329.24,Low,Approved,False,Premium
LN00393,20230516,CUS0103,BR09,P03,4764000.0,0.1444,36,163842.17,Low,Rejected,False,Retail
LN00394,20240814,CUS0071,BR13,P04,1338000.0,0.1739,48,38878.55,Low,Approved,False,SME
LN00395,20240617,CUS0108,BR15,P02,151000.0,0.1776,84,3152.49,High,Defaulted,True,Retail
LN00396,20240410,CUS0045,BR11,P02,274000.0,0.1392,120,4241.13,Low,Approved,False,Retail
LN00397,20230829,CUS0012,BR13,P02,646000.0,0.1643,120,10995.09,Medium,Rejected,False,Retail
LN00398,20230927,CUS0026,BR07,P01,397000.0,0.2012,60,10544.6,Low,Closed,False,Retail
LN00399,20231211,CUS0156,BR14,P04,248000.0,0.1702,120,4313.33,Low,Rejected,False,SME
LN00400,20240207,CUS0098,BR06,P01,290000.0,0.2156,48,9067.63,Medium,Approved,False,SME
LN00401,20241220,CUS0018,BR08,P02,652000.0,0.121,60,14536.35,Low,Approved,False,Retail
LN00402,20240601,CUS0097,BR03,P02,546000.0,0.152,24,26525.62,Medium, Defaulted,True,Retail
LN00403,20230618,CUS0082,BR07,P02,936000.0,0.1447,12,84247.87,Medium,Rejected,False,Retail
LN00404,20240505,CUS0047,BR11,P04,700000.0,0.1734,12,63956.33,Low,Closed,False,SME
LN00405,20231218,CUS0038,BR12,P01,285000.0,0.1975,24,14470.52,Low,Defaulted,True,Retail
LN00406,20241115,CUS0114,BR08,P02,408000.0,0.1606,36,14356.16,Low,Closed,False,Premium
LN00407,20230406,CUS0150,BR07,P02,633000.0,0.1706,36,22587.08,Low,Approved,False,Retail
LN00408,20230830,CUS0128,BR14,P01,131000.0,0.21,36,4935.43,High,Defaulted,True,Retail
LN00409,20240825,CUS0027,BR05,P04,871000.0,0.1968,36,32227.64,Low,Rejected,False,Corporate
LN00410,20240710,CUS0159,BR08,P01,128000.0,0.1661,12,11650.53,Low,Approved,False,Retail
LN00411,20240612,CUS0154,BR11,P02,731000.0,0.166,48,20942.06,High,Defaulted,True,Premium
LN00412,20240203,CUS0090,BR15,P01,452000.0,0.1744,24,22443.58,Medium,Rejected,False,Retail
LN00413,20231013,CUS0195,BR06,P01,23000.0,0.2019,120,447.39,Medium,Closed,False,Retail
LN00414,20240102,CUS0083,BR13,P01,176000.0,0.1839,36,6397.31,Low,Approved,False,Retail
LN00415,20241107,CUS0096,BR02,P01,361000.0,0.1777,48,10561.04,Medium,Defaulted,True,Retail
LN00416,20230830,CUS0045,BR10,P01,407000.0,0.1751,60,10226.94,High,Defaulted,True,Retail
LN00417,20240506,CUS0067,BR10,P01,408000.0,0.1919,60,10626.45,Medium,Approved,False,Premium
LN00418,20231215,CUS0019,BR13,P02,476000.0,0.131,48,12793.53,Low,Rejected,False,Premium
LN00419,20230729,CUS0086,BR14,P01,171000.0,0.1705,24,8458.74,Low,Closed,False,Retail
LN00420,20231129,CUS0185,BR08,P03,1535000.0,0.1356,60,35367.58,High,Closed,False,Premium
LN00421,20230217,CUS0065,BR06,P02,617000.0,0.127,12,55021.95,Low,Approved,False,Retail
LN00422,20241125,CUS0151,BR07,P03,4953000.0,0.1203,36,164581.46,Medium,Approved,False,Retail
LN00423,20231206,CUS0036,BR08,P01,212000.0,0.1412,48,5805.98,Low,Approved,False,Retail
LN00424,20230903,CUS0047,BR15,P04,1459000.0,0.1628,36,51496.03,Medium,Approved,False,SME
LN00425,20230119,CUS0020,BR06,P03,1800000.0,0.1194,36,59734.19,Low,Rejected,False,Retail
LN00426,20240811,CUS0052,BR14,P04,1384000.0,0.1793,36,49986.33,Low,Rejected,False,SME
LN00427,20240125,CUS0200,BR03,P03,3789000.0,0.1599,84,75235.78,Medium,Approved,False,Retail
LN00428,20230721,CUS0079,BR09,P01,216000.0,0.1578,60,5227.48,MEDIUM,Pending,False,Retail
LN00429,20241031,CUS0065,BR05,P03,3901000.0,0.1542,36,136033.17,Medium,Closed,False,Retail
LN00430,20241021,CUS0018,BR05,P02,411000.0,0.1517,36,14281.69,Low,Closed,False,Retail
LN00431,20241017,CUS0151,BR09,P01,47000.0,0.1415,48,1287.88,High,Approved,False,Retail
LN00432,20230418,CUS0167,BR13,P04,119000.0,0.1623,24,5839.7,Medium,Approved,False,SME
LN00433,20230825,CUS0101,BR09,P04,1144000.0,0.1942,12,105656.57,Medium,Approved,False,SME
LN00434,20230518,CUS0119,BR10,P03,4571000.0,0.1392,84,85458.71,Low,Approved,False,Retail
LN00435,20240518,CUS0050,BR02,P01,266000.0,0.1902,84,5750.89,Medium,Approved,False,Retail
LN00436,20230524,CUS0056,BR08,P03,3299000.0,0.1475,120,52720.47,Medium,Rejected,False,Retail
LN00437,20240330,CUS0164,BR09,P01,108000.0,0.214,120,2188.37,Low,Rejected,False,Retail
LN00438,20240309,CUS0011,BR13,P02,558000.0,0.172,120,9768.74,Medium,Rejected,False,Premium
LN00439,20231104,CUS0075,BR15,P01,183000.0,0.1592,48,5178.78,Low,Approved,False,SME
LN00440,20240121,CUS0200,BR06,P01,474000.0,0.2191,84,11077.57,Low,Approved,False,Retail
LN00441,20241006,CUS0065,BR12,P03,1840000.0,0.155,36,64235.65,Low,Pending,False,Retail
LN00442,20230522,CUS0153,BR15,P04,1648000.0,0.1857,120,30301.92,Medium,Approved,False,SME
LN00443,20241215,CUS0150,BR08,P01,242000.0,0.1506,36,8396.12,Low,Approved,False,Retail
LN00444,20240108,CUS0003,BR14,P03,490000.0,0.1296,60,11138.97,Low,Approved,False,Premium
LN00445,20240821,CUS0052,BR14,P04,1512000.0,0.1447,48,41674.99,Low,Approved,False,SME
LN00446,20241231,CUS0076,BR05,P02,192000.0,0.1303,24,9130.74,Medium,Rejected,False,Retail
LN00447,20230929,CUS0157,BR08,P04,503000.0,0.1432,84,9515.37,Medium,Approved,False,SME
LN00448,20230808,CUS0040,BR04,P04,1253000.0,0.1712,84,25693.03,Low,Approved,False,SME
LN00449,20240307,CUS0185,BR03,P02,337000.0,0.143,24,16228.14,High,Defaulted,True,Premium
LN00450,20230524,CUS0057,BR01,P01,465000.0,0.179,120,8348.7,Medium,Closed,False,Retail
LN00451,20241109,CUS0163,BR13,P03,1146000.0,0.1569,60,27680.08,Medium,Rejected,False,Premium
LN00452,20241111,CUS0042,BR12,P03,1329000.0,0.1346,12,118989.67,High,Defaulted,True,Retail
LN00453,20240327,CUS0148,BR13,P03,966000.0,0.1565,12,87486.09,High,Approved,False,Premium
LN00454,20231012,CUS0076,BR09,P03,4947000.0,0.1051,48,126683.81,Low,Rejected,False,Retail
LN00455,20230617,CUS0061,BR11,P01,295000.0,0.1893,36,10803.09,Medium,Approved,False,Retail
LN00456,20230705,CUS0022,BR14,P04,2062000.0,0.1736,12,188416.66,Low,Approved,False,SME
LN00457,20240609,CUS0008,BR15,P01,108000.0,0.166,12,9829.62,Low,Approved,False,Retail
LN00458,20240717,CUS0028,BR02,P03,2190000.0,0.1448,120,34638.23,Low,Rejected,False,Retail
LN00459,20240930,CUS0041,BR15,P03,1876000.0,0.1146,48,48906.35,High,Closed,False,Retail
LN00460,20240203,CUS0125,BR10,P01,130000.0,0.1652,36,4603.86,Low,Rejected,False,Retail
LN00461,20241201,CUS0050,BR12,P01,267000.0,0.2197,48,8407.77,Low,Approved,False,Retail
LN00462,20241104,CUS0100,BR01,P03,4536000.0,0.1527,36,157842.34,Medium,Approved,False,Premium
LN00463,20231003,CUS0113,BR06,P01,44000.0,0.1899,36,1612.64,Medium,Pending,False,Retail
LN00464,20240910,CUS0062,BR15,P04,637000.0,,24,30822.48,High,Defaulted,True,SME
LN00465,20240720,CUS0058,BR12,P03,3139000.0,0.1554,120,51686.07,Low,Approved,False,Premium
LN00466,20240502,CUS0032,BR05,P01,484000.0,0.1696,12,44133.91,High,Approved,False,Retail
LN00467,20241021,CUS0091,BR09,P03,2118000.0,0.1159,84,36925.69,Low,Approved,False,Retail
LN00468,20240625,CUS0039,BR03,P03,676000.0,0.1301,48,18138.74,Low,Rejected,False,Retail
LN00469,20230308,CUS0194,BR11,P01,198000.0,0.2099,12,18435.58,MEDIUM,Rejected,False,Retail
LN00470,20230303,CUS0177,BR12,P04,2478000.0,0.1829,48,73167.3,Low,Rejected,False,Corporate
LN00471,20240122,CUS0034,BR14,P01,435000.0,0.1722,120,7620.95,Medium,Rejected,False,Retail
LN00472,20241018,CUS0008,BR07,P01,312000.0,0.1957,48,9422.94,Low,Approved,False,Retail
LN00473,20240826,CUS0185,BR08,P03,1692000.0,0.1258,12,150791.63,Low,Closed,False,Premium
LN00474,20240202,CUS0163,BR01,P03,1909000.0,0.1084,48,49190.9,Medium,Rejected,False,Premium
LN00475,20230701,CUS0114,BR05,P01,425000.0,0.1867,12,39099.64,Medium,Approved,False,Premium
LN00476,20231217,CUS0146,BR03,P04,749000.0,0.1606,24,36694.85,High,Approved,False,SME
LN00477,20241021,CUS0117,BR14,P04,1934000.0,0.1414,36,66231.12,Low,Rejected,False,SME
LN00478,20240725,CUS0186,BR05,P01,278000.0,0.1977,24,14117.82,Low,Approved,False,Retail
LN00479,20230826,CUS0197,BR13,P01,246000.0,0.1705,60,6120.35,Low,Closed,False,Retail
LN00480,20240907,CUS0200,BR09,P02,266000.0,,36,9292.78,Medium,Approved,False,Retail
LN00481,20230930,CUS0076,BR13,P01,13000.0,0.1861,48,386.03,Low,Approved,False,Retail
LN00482,20240527,CUS0195,BR03,P01,335000.0,0.1434,12,30132.3,Medium,Rejected,False,Retail
LN00483,20230707,CUS0171,BR11,P01,125000.0,0.2112,24,6430.58,Medium,Defaulted,True,Retail
LN00484,20231112,CUS0021,BR15,P03,3764000.0,0.1302,48,101016.06,Low,Closed,False,Retail
LN00485,20230227,CUS0008,BR09,P02,708000.0,0.1722,24,35080.01,Medium,Approved,False,Retail
LN00486,20230805,CUS0190,BR05,P04,2541000.0,0.1435,84,48111.01,Medium,Approved,False,SME
LN00487,20231122,CUS0188,BR08,P02,407000.0,0.1797,120,7325.68,Medium,Closed,False,Retail
LN00488,20230805,CUS0072,BR13,P02,425000.0,0.1405,48,11624.41,Low,Approved,False,Retail
LN00489,20240428,CUS0083,BR08,P03,892000.0,0.1563,12,80775.83,Low,Defaulted,True,Retail
LN00490,20230815,CUS0179,BR09,P03,3173000.0,0.1537,84,61889.14,Low,Rejected,False,Premium
LN00491,20240901,CUS0056,BR11,P01,321000.0,0.1519,84,6228.53,Medium, Pending,False,Retail
LN00492,20241206,CUS0071,BR10,P04,671000.0,0.1995,48,20400.9,Low,Approved,False,SME
LN00493,20240609,CUS0057,BR05,P03,403000.0,0.1185,36,13356.51,Low,Approved,False,Retail
LN00494,20240503,CUS0174,BR14,P02,844000.0,0.1635,24,41466.15,Low,Approved,False,Retail
LN00495,20240128,CUS0052,BR13,P04,1760000.0,0.1996,120,33966.33,Low,Closed,False,SME
LN00496,20240801,CUS0012,BR12,P01,285000.0,0.19,36,10446.97,Low,Defaulted,True,Retail
LN00497,20231202,CUS0112,BR13,P04,1307000.0,0.1861,36,47652.09,Medium,Approved,False,SME
LN00498,20231108,CUS0023,BR07,P01,178000.0,0.152,24,8647.55,Medium,Defaulted,True,Retail
LN00499,20240406,CUS0035,BR04,P04,2736000.0,0.1687,84,55707.0,LOW,Rejected,False,Corporate
LN00500,20230401,CUS0062,BR10,P04,1492000.0,0.1401,36,51000.27,High,Approved,False,SME
LN00501,20240904,CUS0112,BR05,P01,93000.0,0.162,120,1569.48,Low,Approved,False,SME
LN00502,20230128,CUS0196,BR15,P02,56000.0,0.142,120,876.24,High,Defaulted,True,Premium
LN00503,20240826,CUS0134,BR12,P03,4580000.0,0.1172,12,406327.78,Low,Defaulted,True,Retail
LN00504,20240923,CUS0078,BR15,P01,339000.0,0.1589,24,16580.68,Low,Approved,False,Premium
LN00505,20231224,CUS0090,BR02,P01,306000.0,0.1467,60,7226.82,Low,Rejected,False,Retail
LN00506,20241119,CUS0056,BR03,P03,1139000.0,0.1147,120,15994.28,Medium,Approved,False,Retail
LN00507,20240719,CUS0093,BR03,P02,451000.0,0.1693,120,7818.28,Low,Approved,False,Retail
LN00508,20230815,CUS0197,BR13,P02,841000.0,0.1516,36,29219.48,High,Defaulted,True,Retail
LN00509,20240311,CUS0001,BR04,P03,362000.0,0.1214,48,9557.75,Low,Approved,False,Premium
LN00510,20230824,CUS0082,BR13,P01,286000.0,,84,6321.73,Medium,Approved,False,Retail
LN00511,20230323,CUS0067,BR10,P02,446000.0,0.1637,84,8952.72,Medium,Approved,False,Premium
LN00512,20230322,CUS0027,BR09,P05,723000.0,0.124,24,34169.33,Low,Approved,False,Corporate
LN00513,20230507,CUS0092,BR04,P02,870000.0,0.1796,84,18265.13,High,Rejected,False,Retail
LN00514,20240401,CUS0055,BR10,P02,995000.0,0.1412,84,18712.33,High,Pending,False,Retail
LN00515,20230613,CUS0035,BR05,P04,1333000.0,,24,64822.86,High,Rejected,False,Corporate
LN00516,20230221,CUS0084,BR02,P04,2849000.0,0.1425,24,137125.42,Low,Defaulted,True,Corporate
LN00517,20240124,CUS0038,BR03,P02,622000.0,0.1778,120,11119.57,Low,Rejected,False,Retail
LN00518,20230406,CUS0033,BR03,P01,448000.0,0.1541,12,40522.45,Low,Approved,False,Retail
LN00519,20240126,CUS0128,BR13,P01,263000.0,0.1838,12,24159.43,Low,Rejected,False,Retail
LN00520,20230406,CUS0045,BR10,P01,412000.0,0.1683,48,11852.07,Low,Approved,False,Retail
LN00521,20230925,CUS0188,BR03,P01,348000.0,0.189,36,12738.71,Low,Approved,False,Retail
LN00522,20241205,CUS0183,BR12,P04,1945000.0,0.1982,84,42980.5,Low,Defaulted,True,Corporate
LN00523,20230208,CUS0177,BR05,P04,818000.0,0.1529,60,19584.9,Medium,Rejected,False,Corporate
LN00524,20240809,CUS0101,BR01,P04,1255000.0,0.1574,24,61292.91,Low,Approved,False,SME
LN00525,20230606,CUS0107,BR05,P04,879000.0,0.145,24,42411.25,LOW,Rejected,False,Corporate
LN00526,20240829,CUS0157,BR13,P01,91000.0,0.1502,84,1757.03,Medium,Rejected,False,SME
LN00527,20240208,CUS0158,BR09,P01,408000.0,0.1635,84,8185.26,Medium,Approved,False,SME
LN00528,20240401,CUS0058,BR03,P03,2990000.0,0.1395,84,55950.08,Medium,Defaulted,True,Premium
LN00529,20240729,CUS0086,BR03,P01,287000.0,0.1592,36,10078.74,Low,Approved,False,Retail
LN00530,20240120,CUS0179,BR12,P03,4120000.0,0.1095,48,106383.54,Medium,Pending,False,Premium
LN00531,20240527,CUS0160,BR08,P01,171000.0,0.174,84,3534.16,Medium,Pending,False,Retail
LN00532,20230122,CUS0132,BR15,P04,2528000.0,0.1836,48,74736.4,Low,Rejected,False,Corporate
LN00533,20230728,CUS0072,BR09,P01,229000.0,0.173,24,11355.32,Medium,Pending,False,Retail
LN00534,20240128,CUS0086,BR12,P02,230000.0,0.1753,84,4770.95,Medium,Approved,False,Retail
LN00535,20241127,CUS0128,BR12,P01,474000.0,0.1624,120,8011.16,Low,Pending,False,Retail
LN00536,20230208,CUS0174,BR01,P02,265000.0,0.1516,24,12869.12,Low,Defaulted,True,Retail
LN00537,20231109,CUS0143,BR06,P01,275000.0,0.1731,24,13637.62,Medium,Approved,False,Retail
LN00538,20240508,CUS0081,BR07,P03,3868000.0,0.1372,12,346787.19,Low,Rejected,False,Premium
LN00539,20230729,CUS0025,BR03,P05,8973000.0,0.1041,24,415758.49,Low,Rejected,False,Corporate
LN00540,20240916,CUS0085,BR06,P02,236000.0,0.1545,120,3872.8,Medium,Approved,False,Premium
LN00541,20240117,CUS0108,BR08,P02,696000.0,0.133,60,15943.23,Medium,Defaulted,True,Retail
LN00542,20240402,CUS0041,BR08,P01,206000.0,0.1627,36,7269.84,Medium,Pending,False,Retail
LN00543,20230225,CUS0051,BR09,P03,3776000.0,0.1302,60,85954.27,High,Closed,False,Retail
LN00544,20230309,CUS0139,BR13,P01,469000.0,0.2153,48,14656.94,Low,Approved,False,Retail
LN00545,20240930,CUS0012,BR12,P01,28000.0,0.1691,36,997.02,Medium,Approved,False,Retail
LN00546,20241007,CUS0143,BR04,P03,2001000.0,0.1321,12,178921.08,Low,Rejected,False,Retail
LN00547,20240203,CUS0140,BR04,P01,393000.0,0.182,120,7131.96,Medium,Approved,False,Retail
LN00548,20230516,CUS0169,BR02,P01,22000.0,0.1599,12,1995.97,High,Approved,False,Retail
LN00549,20240423,CUS0091,BR13,P01,288000.0,0.1922,36,10589.0,MEDIUM,Approved,False,Retail
LN00550,20230607,CUS0125,BR14,P01,417000.0,0.1452,60,9815.64,Low,Approved,False,Retail
LN00551,20240224,CUS0187,BR08,P03,2083000.0,0.1055,48,53382.15,Low,Approved,False,Retail
LN00552,20241212,CUS0044,BR12,P04,631000.0,0.1864,48,18747.31,Medium,Approved,False,SME
LN00553,20230303,CUS0077,BR14,P03,3624000.0,0.1304,24,172359.66,Low,Approved,False,Retail
LN00554,20240830,CUS0004,BR08,P01,482000.0,0.1582,84,9524.17,Medium,Approved,False,Retail
LN00555,20231010,CUS0052,BR01,P04,250000.0,0.1536,36,8710.47,Medium,Approved,False,SME
LN00556,20230308,CUS0098,BR01,P04,1552000.0,0.158,36,54410.59,Low,Closed,False,SME
LN00557,20230513,CUS0166,BR10,P04,167000.0,0.1566,120,2762.19,Low,Pending,False,SME
LN00558,20230110,CUS0014,BR07,P02,572000.0,0.1657,60,14083.76,High,Rejected,False,Premium
LN00559,20241021,CUS0102,BR11,P02,115000.0,0.152,84,2232.05,Low,Rejected,False,Retail
LN00560,20240414,CUS0163,BR07,P03,1686000.0,0.1089,36,55109.69,Medium,Rejected,False,Premium
LN00561,20241213,CUS0146,BR06,P01,308000.0,0.21,60,8332.43,Medium,Defaulted,True,SME
LN00562,20240219,CUS0051,BR02,P01,145000.0,0.1877,24,7293.06,High, Defaulted,True,Retail
LN00563,20240430,CUS0081,BR06,P02,892000.0,0.1675,84,18100.1,Low,Rejected,False,Premium
LN00564,20240311,CUS0150,BR06,P01,255000.0,0.1496,12,23011.06,Low,Defaulted,True,Retail
LN00565,20240719,CUS0181,BR06,P01,496000.0,0.1824,84,10494.74,Medium,Rejected,False,Retail
LN00566,20240819,CUS0002,BR05,P01,66000.0,0.2164,84,1531.47,Medium,Approved,False,Retail
LN00567,20230604,CUS0129,BR15,P05,4862000.0,0.1256,120,71338.56,Medium,Closed,False,Corporate
LN00568,20241226,CUS0121,BR02,P01,477000.0,0.1982,12,44145.58,Medium,Pending,False,SME
LN00569,20240924,CUS0041,BR03,P01,143000.0,,24,7191.77,Low,Approved,False,Retail
LN00570,20230219,CUS0032,BR05,P01,250000.0,0.2066,12,23237.67,Medium,Rejected,False,Retail
LN00571,20230106,CUS0037,BR01,P01,227000.0,0.2082,36,8531.28,Medium,Defaulted,True,Retail
LN00572,20240507,CUS0104,BR01,P01,82000.0,0.1539,12,7416.28,Low,Rejected,False,Retail
LN00573,20240129,CUS0138,BR05,P01,390000.0,0.1891,84,8406.28,Medium,Approved,False,Premium
LN00574,20240403,CUS0197,BR07,P01,216000.0,,60,5334.53,Medium,Rejected,False,Retail
LN00575,20241128,CUS0073,BR01,P05,9733000.0,0.1464,48,269103.85,Medium,Defaulted,True,Corporate
LN00576,20240118,CUS0023,BR02,P01,103000.0,0.209,12,9585.78,Medium,Approved,False,Retail
LN00577,20230529,CUS0021,BR15,P01,475000.0,0.1416,84,8943.54,LOW,Approved,False,Retail
LN00578,20230517,CUS0076,BR02,P02,556000.0,0.16,84,11043.31,Low,Approved,False,Retail
LN00579,20230226,CUS0196,BR01,P01,301000.0,0.1801,84,6328.13,Low,Rejected,False,Premium
LN00580,20230113,CUS0151,BR02,P01,258000.0,0.1617,84,5149.42,Low,Rejected,False,Retail
LN00581,20230315,CUS0099,BR07,P02,709000.0,0.1555,84,13901.1,Medium,Defaulted,True,Retail
LN00582,20241003,CUS0097,BR06,P01,466000.0,0.1576,36,16328.02,Low,Rejected,False,Retail
LN00583,20231013,CUS0027,BR09,P04,1759000.0,0.1401,48,48076.1,Medium,Defaulted,True,Corporate
LN00584,20230807,CUS0035,BR03,P05,2533000.0,,24,122479.98,Low,Approved,False,Corporate
LN00585,20240716,CUS0012,BR14,P01,497000.0,0.1591,12,45072.07,Low,Approved,False,Retail
LN00586,20230911,CUS0130,BR07,P02,66000.0,0.1437,24,3180.4,High,Approved,False,Retail
LN00587,20241202,CUS0107,BR13,P05,19135000.0,0.1184,84,336149.94,Low,Approved,False,Corporate
LN00588,20231029,CUS0091,BR01,P01,123000.0,0.1472,12,11085.53,Medium,Approved,False,Retail
LN00589,20240923,CUS0191,BR14,P03,4891000.0,0.1255,60,110161.84,Low,Approved,False,Premium
LN00590,20231224,CUS0198,BR12,P03,559000.0,,12,49894.27,Low,Approved,False,Premium
LN00591,20241128,CUS0023,BR09,P01,396000.0,0.1857,12,36412.79,Low,Approved,False,Retail
LN00592,20230402,CUS0061,BR06,P01,20000.0,0.1488,48,555.4,Low, Rejected,False,Retail
LN00593,20230413,CUS0141,BR08,P01,199000.0,0.1643,60,4884.88,Low,Approved,False,Retail
LN00594,20241105,CUS0113,BR08,P01,66000.0,0.179,36,2382.75,Medium,Approved,False,Retail
LN00595,20231117,CUS0130,BR04,P03,2655000.0,0.1114,84,45655.74,Medium,Closed,False,Retail
LN00596,20240105,CUS0059,BR03,P05,17794000.0,0.1321,24,847715.43,Low,Approved,False,Corporate
LN00597,20240712,CUS0179,BR06,P02,59000.0,0.1352,84,1090.08,Medium,Rejected,False,Premium
LN00598,20241010,CUS0149,BR08,P05,9688000.0,0.1089,84,165322.37,Low,Approved,False,Corporate
LN00599,20231129,CUS0049,BR10,P02,482000.0,0.1725,84,9919.82,Low,Defaulted,True,Retail
LN00600,20241221,CUS0011,BR06,P02,285000.0,0.1525,36,9914.55,Low,Defaulted,True,Premium
